"","Env.value","AI","LCI","UCI","SPECIES","LIFE.STAGE","ENV.COR","p.value","AIC","DEV.EXP","RMSE"
"1",9.13548960629152,7.68135887437246e-07,1.03215244194111e-07,5.71652710969091e-06,"White Perch","YoY","H2O_TEMP","<0.01",-415.792022080447,0.441374383011468,0.00104299208824937
"2",9.5216017084179,9.44011424781948e-07,1.41542408685449e-07,6.29604638210779e-06,"White Perch","YoY","H2O_TEMP","<0.01",-415.792022080447,0.441374383011468,0.00104299208824937
"3",9.90771381054429,1.15957379217064e-06,1.90287903018461e-07,7.06619474049564e-06,"White Perch","YoY","H2O_TEMP","<0.01",-415.792022080447,0.441374383011468,0.00104299208824937
"4",10.2938259126707,1.42094012057178e-06,2.50223678181416e-07,8.06906381092637e-06,"White Perch","YoY","H2O_TEMP","<0.01",-415.792022080447,0.441374383011468,0.00104299208824937
"5",10.6799380147971,1.7325724533315e-06,3.2229416483464e-07,9.31387419807393e-06,"White Perch","YoY","H2O_TEMP","<0.01",-415.792022080447,0.441374383011468,0.00104299208824937
"6",11.0660501169234,2.09639268367933e-06,4.08498223458751e-07,1.07585835918035e-05,"White Perch","YoY","H2O_TEMP","<0.01",-415.792022080447,0.441374383011468,0.00104299208824937
"7",11.4521622190498,2.50992347495817e-06,5.11780029729408e-07,1.2309421009407e-05,"White Perch","YoY","H2O_TEMP","<0.01",-415.792022080447,0.441374383011468,0.00104299208824937
"8",11.8382743211762,2.96466173562994e-06,6.33609538847929e-07,1.38716649100477e-05,"White Perch","YoY","H2O_TEMP","<0.01",-415.792022080447,0.441374383011468,0.00104299208824937
"9",12.2243864233026,3.44478127098475e-06,7.71685159133245e-07,1.53774086030834e-05,"White Perch","YoY","H2O_TEMP","<0.01",-415.792022080447,0.441374383011468,0.00104299208824937
"10",12.610498525429,3.92618145978141e-06,9.19587942293654e-07,1.67628349026447e-05,"White Perch","YoY","H2O_TEMP","<0.01",-415.792022080447,0.441374383011468,0.00104299208824937
"11",12.9966106275554,4.37709355034196e-06,1.06700410426374e-06,1.79558334142167e-05,"White Perch","YoY","H2O_TEMP","<0.01",-415.792022080447,0.441374383011468,0.00104299208824937
"12",13.3827227296817,4.76060355757409e-06,1.20168757338987e-06,1.88595993952533e-05,"White Perch","YoY","H2O_TEMP","<0.01",-415.792022080447,0.441374383011468,0.00104299208824937
"13",13.7688348318081,5.03845047366054e-06,1.31261791874105e-06,1.93399639095877e-05,"White Perch","YoY","H2O_TEMP","<0.01",-415.792022080447,0.441374383011468,0.00104299208824937
"14",14.1549469339345,5.1771136076823e-06,1.39143171676073e-06,1.92625372729362e-05,"White Perch","YoY","H2O_TEMP","<0.01",-415.792022080447,0.441374383011468,0.00104299208824937
"15",14.5410590360609,5.1595520348927e-06,1.43100488090277e-06,1.86029953887866e-05,"White Perch","YoY","H2O_TEMP","<0.01",-415.792022080447,0.441374383011468,0.00104299208824937
"16",14.9271711381873,4.99559280325391e-06,1.42339617754687e-06,1.75326784275423e-05,"White Perch","YoY","H2O_TEMP","<0.01",-415.792022080447,0.441374383011468,0.00104299208824937
"17",15.3132832403137,4.71540896722676e-06,1.36304259335137e-06,1.63128297212872e-05,"White Perch","YoY","H2O_TEMP","<0.01",-415.792022080447,0.441374383011468,0.00104299208824937
"18",15.69939534244,4.35635596434815e-06,1.25394619142559e-06,1.51344909517498e-05,"White Perch","YoY","H2O_TEMP","<0.01",-415.792022080447,0.441374383011468,0.00104299208824937
"19",16.0855074445664,3.9559017936322e-06,1.11182853798497e-06,1.40751549957732e-05,"White Perch","YoY","H2O_TEMP","<0.01",-415.792022080447,0.441374383011468,0.00104299208824937
"20",16.4716195466928,3.54652422222763e-06,9.60008939411477e-07,1.31017884755927e-05,"White Perch","YoY","H2O_TEMP","<0.01",-415.792022080447,0.441374383011468,0.00104299208824937
"21",16.8577316488192,3.15306482706103e-06,8.20725964961386e-07,1.21134437413798e-05,"White Perch","YoY","H2O_TEMP","<0.01",-415.792022080447,0.441374383011468,0.00104299208824937
"22",17.2438437509456,2.79246854891168e-06,7.08217533057607e-07,1.101057264566e-05,"White Perch","YoY","H2O_TEMP","<0.01",-415.792022080447,0.441374383011468,0.00104299208824937
"23",17.629955853072,2.47543251865344e-06,6.26411509210951e-07,9.78233328140098e-06,"White Perch","YoY","H2O_TEMP","<0.01",-415.792022080447,0.441374383011468,0.00104299208824937
"24",18.0160679551983,2.20944983242218e-06,5.70646658490954e-07,8.55462568535799e-06,"White Perch","YoY","H2O_TEMP","<0.01",-415.792022080447,0.441374383011468,0.00104299208824937
"25",18.4021800573247,1.99952145174364e-06,5.34551854563864e-07,7.47932310373334e-06,"White Perch","YoY","H2O_TEMP","<0.01",-415.792022080447,0.441374383011468,0.00104299208824937
"26",18.7882921594511,1.84810782452767e-06,5.15341626134245e-07,6.62764728846234e-06,"White Perch","YoY","H2O_TEMP","<0.01",-415.792022080447,0.441374383011468,0.00104299208824937
"27",19.1744042615775,1.75735419336679e-06,5.14418237043959e-07,6.00346865361998e-06,"White Perch","YoY","H2O_TEMP","<0.01",-415.792022080447,0.441374383011468,0.00104299208824937
"28",19.5605163637039,1.73195779570755e-06,5.36152936697759e-07,5.59481745001264e-06,"White Perch","YoY","H2O_TEMP","<0.01",-415.792022080447,0.441374383011468,0.00104299208824937
"29",19.9466284658303,1.78267846145723e-06,5.84396161292872e-07,5.43799344936298e-06,"White Perch","YoY","H2O_TEMP","<0.01",-415.792022080447,0.441374383011468,0.00104299208824937
"30",20.3327405679566,1.93002393426769e-06,6.63010050445e-07,5.61830455563378e-06,"White Perch","YoY","H2O_TEMP","<0.01",-415.792022080447,0.441374383011468,0.00104299208824937
"31",20.718852670083,2.20802925891532e-06,7.82046719750024e-07,6.23414571674763e-06,"White Perch","YoY","H2O_TEMP","<0.01",-415.792022080447,0.441374383011468,0.00104299208824937
"32",21.1049647722094,2.66335111384972e-06,9.60941193673535e-07,7.38176196664791e-06,"White Perch","YoY","H2O_TEMP","<0.01",-415.792022080447,0.441374383011468,0.00104299208824937
"33",21.4910768743358,3.36131627983958e-06,1.23147028608059e-06,9.1747622827947e-06,"White Perch","YoY","H2O_TEMP","<0.01",-415.792022080447,0.441374383011468,0.00104299208824937
"34",21.8771889764622,4.38883981048791e-06,1.6344330481721e-06,1.17850742822813e-05,"White Perch","YoY","H2O_TEMP","<0.01",-415.792022080447,0.441374383011468,0.00104299208824937
"35",22.2633010785886,5.83980605933799e-06,2.20808905259096e-06,1.54447279971177e-05,"White Perch","YoY","H2O_TEMP","<0.01",-415.792022080447,0.441374383011468,0.00104299208824937
"36",22.6494131807149,7.79443312142226e-06,2.99786164985585e-06,2.02655074783873e-05,"White Perch","YoY","H2O_TEMP","<0.01",-415.792022080447,0.441374383011468,0.00104299208824937
"37",23.0355252828413,1.03064769217054e-05,4.05030963724834e-06,2.62260113549763e-05,"White Perch","YoY","H2O_TEMP","<0.01",-415.792022080447,0.441374383011468,0.00104299208824937
"38",23.4216373849677,1.3396261424059e-05,5.37662126365388e-06,3.33778057522642e-05,"White Perch","YoY","H2O_TEMP","<0.01",-415.792022080447,0.441374383011468,0.00104299208824937
"39",23.8077494870941,1.70034089332198e-05,6.93309643487779e-06,4.17008357039237e-05,"White Perch","YoY","H2O_TEMP","<0.01",-415.792022080447,0.441374383011468,0.00104299208824937
"40",24.1938615892205,2.09252160569313e-05,8.60884974459792e-06,5.08621569686494e-05,"White Perch","YoY","H2O_TEMP","<0.01",-415.792022080447,0.441374383011468,0.00104299208824937
"41",24.5799736913469,2.47423539557936e-05,1.02143318319307e-05,5.9933835061051e-05,"White Perch","YoY","H2O_TEMP","<0.01",-415.792022080447,0.441374383011468,0.00104299208824937
"42",24.9660857934732,2.78061798270274e-05,1.14763191563903e-05,6.73720925705052e-05,"White Perch","YoY","H2O_TEMP","<0.01",-415.792022080447,0.441374383011468,0.00104299208824937
"43",25.3521978955996,2.94331632994564e-05,1.2135662631699e-05,7.13855623795619e-05,"White Perch","YoY","H2O_TEMP","<0.01",-415.792022080447,0.441374383011468,0.00104299208824937
"44",25.738309997726,2.92559753171635e-05,1.20845467662912e-05,7.08269915546995e-05,"White Perch","YoY","H2O_TEMP","<0.01",-415.792022080447,0.441374383011468,0.00104299208824937
"45",26.1244220998524,2.73939248067546e-05,1.13897882362797e-05,6.58859586105211e-05,"White Perch","YoY","H2O_TEMP","<0.01",-415.792022080447,0.441374383011468,0.00104299208824937
"46",26.5105342019788,2.43081878627783e-05,1.0199759264933e-05,5.7931563071651e-05,"White Perch","YoY","H2O_TEMP","<0.01",-415.792022080447,0.441374383011468,0.00104299208824937
"47",26.8966463041051,2.06104453568171e-05,8.65193722933429e-06,4.90977276587369e-05,"White Perch","YoY","H2O_TEMP","<0.01",-415.792022080447,0.441374383011468,0.00104299208824937
"48",27.2827584062315,1.69690217628817e-05,6.90236513916603e-06,4.17172510847408e-05,"White Perch","YoY","H2O_TEMP","<0.01",-415.792022080447,0.441374383011468,0.00104299208824937
"49",27.6688705083579,1.38342743101906e-05,5.21091748243562e-06,3.67281090776636e-05,"White Perch","YoY","H2O_TEMP","<0.01",-415.792022080447,0.441374383011468,0.00104299208824937
"50",28.0549826104843,1.12579793049956e-05,3.77676303015263e-06,3.35583929994644e-05,"White Perch","YoY","H2O_TEMP","<0.01",-415.792022080447,0.441374383011468,0.00104299208824937
"51",4.43950681689319,4.57952703411868e-06,1.58779772639928e-06,1.32082742704155e-05,"White Perch","YoY","D_O","<0.01",-415.792022080447,0.441374383011468,0.00104299208824937
"52",4.58155241517881,4.92886575439815e-06,1.74855033507794e-06,1.38936335646271e-05,"White Perch","YoY","D_O","<0.01",-415.792022080447,0.441374383011468,0.00104299208824937
"53",4.72359801346442,5.30485326402982e-06,1.92218125116019e-06,1.46403821886735e-05,"White Perch","YoY","D_O","<0.01",-415.792022080447,0.441374383011468,0.00104299208824937
"54",4.86564361175004,5.7095231999154e-06,2.10908928740571e-06,1.54562708013515e-05,"White Perch","YoY","D_O","<0.01",-415.792022080447,0.441374383011468,0.00104299208824937
"55",5.00768921003566,6.14506482241749e-06,2.30957484046553e-06,1.63501182166071e-05,"White Perch","YoY","D_O","<0.01",-415.792022080447,0.441374383011468,0.00104299208824937
"56",5.14973480832127,6.61383497956701e-06,2.52382599818018e-06,1.73319448997218e-05,"White Perch","YoY","D_O","<0.01",-415.792022080447,0.441374383011468,0.00104299208824937
"57",5.29178040660689,7.11837070700535e-06,2.75190748867824e-06,1.84131195292069e-05,"White Perch","YoY","D_O","<0.01",-415.792022080447,0.441374383011468,0.00104299208824937
"58",5.43382600489251,7.66140265121544e-06,2.99375359247492e-06,1.96065202999979e-05,"White Perch","YoY","D_O","<0.01",-415.792022080447,0.441374383011468,0.00104299208824937
"59",5.57587160317812,8.24586946354757e-06,3.24916710650088e-06,2.09267055159534e-05,"White Perch","YoY","D_O","<0.01",-415.792022080447,0.441374383011468,0.00104299208824937
"60",5.71791720146374,8.87493322400855e-06,3.51782507842398e-06,2.2390095577435e-05,"White Perch","YoY","D_O","<0.01",-415.792022080447,0.441374383011468,0.00104299208824937
"61",5.85996279974936,9.5519963128826e-06,3.79929078842425e-06,2.40151751056583e-05,"White Perch","YoY","D_O","<0.01",-415.792022080447,0.441374383011468,0.00104299208824937
"62",6.00200839803497,1.02807197798475e-05,4.09303125793354e-06,2.58227197720229e-05,"White Perch","YoY","D_O","<0.01",-415.792022080447,0.441374383011468,0.00104299208824937
"63",6.14405399632059,1.10650429856261e-05,4.39843990730797e-06,2.78360461558946e-05,"White Perch","YoY","D_O","<0.01",-415.792022080447,0.441374383011468,0.00104299208824937
"64",6.28609959460621,1.1909204747008e-05,4.71486240731145e-06,3.008129303757e-05,"White Perch","YoY","D_O","<0.01",-415.792022080447,0.441374383011468,0.00104299208824937
"65",6.42814519289182,1.28177668291358e-05,5.0416237763113e-06,3.25877443013607e-05,"White Perch","YoY","D_O","<0.01",-415.792022080447,0.441374383011468,0.00104299208824937
"66",6.57019079117744,1.37956400719503e-05,5.37805530044335e-06,3.53881978452532e-05,"White Perch","YoY","D_O","<0.01",-415.792022080447,0.441374383011468,0.00104299208824937
"67",6.71223638946305,1.48481129723177e-05,5.72351955748581e-06,3.85193859520161e-05,"White Perch","YoY","D_O","<0.01",-415.792022080447,0.441374383011468,0.00104299208824937
"68",6.85428198774867,1.5980882066182e-05,6.07743136238787e-06,4.2022455933237e-05,"White Perch","YoY","D_O","<0.01",-415.792022080447,0.441374383011468,0.00104299208824937
"69",6.99632758603429,1.72000839898986e-05,6.43927307652652e-06,4.59435227771315e-05,"White Perch","YoY","D_O","<0.01",-415.792022080447,0.441374383011468,0.00104299208824937
"70",7.1383731843199,1.85123276241048e-05,6.80860464538773e-06,5.03342890226925e-05,"White Perch","YoY","D_O","<0.01",-415.792022080447,0.441374383011468,0.00104299208824937
"71",7.28041878260552,1.99247276545212e-05,7.1850692497824e-06,5.52527412479517e-05,"White Perch","YoY","D_O","<0.01",-415.792022080447,0.441374383011468,0.00104299208824937
"72",7.42246438089114,2.14449399904847e-05,7.56839413759514e-06,6.07639405182483e-05,"White Perch","YoY","D_O","<0.01",-415.792022080447,0.441374383011468,0.00104299208824937
"73",7.56450997917675,2.30812012688112e-05,7.95838809287461e-06,6.69409239401572e-05,"White Perch","YoY","D_O","<0.01",-415.792022080447,0.441374383011468,0.00104299208824937
"74",7.70655557746237,2.48423726382063e-05,8.35493697128142e-06,7.38657251894085e-05,"White Perch","YoY","D_O","<0.01",-415.792022080447,0.441374383011468,0.00104299208824937
"75",7.84860117574799,2.67379867455081e-05,8.75799788416939e-06,8.16305215710574e-05,"White Perch","YoY","D_O","<0.01",-415.792022080447,0.441374383011468,0.00104299208824937
"76",7.9906467740336,2.87783004608545e-05,9.16759357961955e-06,9.03389281191924e-05,"White Perch","YoY","D_O","<0.01",-415.792022080447,0.441374383011468,0.00104299208824937
"77",8.13269237231922,3.0974350350662e-05,9.58380525089448e-06,0.00010010745779251,"White Perch","YoY","D_O","<0.01",-415.792022080447,0.441374383011468,0.00104299208824937
"78",8.27473797060484,3.33380126762081e-05,1.00067650527084e-05,0.000111067171393036,"White Perch","YoY","D_O","<0.01",-415.792022080447,0.441374383011468,0.00104299208824937
"79",8.41678356889045,3.58820685715305e-05,1.0436648571072e-05,0.000123365545577604,"White Perch","YoY","D_O","<0.01",-415.792022080447,0.441374383011468,0.00104299208824937
"80",8.55882916717607,3.86202745848605e-05,1.0873668649359e-05,0.000137168572733541,"White Perch","YoY","D_O","<0.01",-415.792022080447,0.441374383011468,0.00104299208824937
"81",8.70087476546169,4.15674366624263e-05,1.13180710792235e-05,0.000152663097677185,"White Perch","YoY","D_O","<0.01",-415.792022080447,0.441374383011468,0.00104299208824937
"82",8.8429203637473,4.47394891372423e-05,1.17701302328256e-05,0.000170059451226726,"White Perch","YoY","D_O","<0.01",-415.792022080447,0.441374383011468,0.00104299208824937
"83",8.98496596203292,4.81535807116252e-05,1.22301439345403e-05,0.000189594443676362,"White Perch","YoY","D_O","<0.01",-415.792022080447,0.441374383011468,0.00104299208824937
"84",9.12701156031854,5.18281674585706e-05,1.26984285494524e-05,0.000211534752639096,"White Perch","YoY","D_O","<0.01",-415.792022080447,0.441374383011468,0.00104299208824937
"85",9.26905715860415,5.57831125115549e-05,1.31753159477184e-05,0.000236180722635018,"White Perch","YoY","D_O","<0.01",-415.792022080447,0.441374383011468,0.00104299208824937
"86",9.41110275688977,6.00397930439836e-05,1.36611518991691e-05,0.000263870629312278,"White Perch","YoY","D_O","<0.01",-415.792022080447,0.441374383011468,0.00104299208824937
"87",9.55314835517538,6.46212151082897e-05,1.41562948782665e-05,0.000294985480168467,"White Perch","YoY","D_O","<0.01",-415.792022080447,0.441374383011468,0.00104299208824937
"88",9.695193953461,6.95521387435242e-05,1.4661114766618e-05,0.000329954446220758,"White Perch","YoY","D_O","<0.01",-415.792022080447,0.441374383011468,0.00104299208824937
"89",9.83723955174662,7.48592137827509e-05,1.5175991299403e-05,0.000369261010869983,"White Perch","YoY","D_O","<0.01",-415.792022080447,0.441374383011468,0.00104299208824937
"90",9.97928515003223,8.05711268010345e-05,1.5701312359809e-05,0.00041344992859357,"White Perch","YoY","D_O","<0.01",-415.792022080447,0.441374383011468,0.00104299208824937
"91",10.1213307483179,8.67187570859067e-05,1.62374726933084e-05,0.00046313505633322,"White Perch","YoY","D_O","<0.01",-415.792022080447,0.441374383011468,0.00104299208824937
"92",10.2633763466035,9.33353418608538e-05,1.67848734391e-05,0.000519008145750403,"White Perch","YoY","D_O","<0.01",-415.792022080447,0.441374383011468,0.00104299208824937
"93",10.4054219448891,0.000100456656949756,1.73439218734219e-05,0.000581848788248143,"White Perch","YoY","D_O","<0.01",-415.792022080447,0.441374383011468,0.00104299208824937
"94",10.5474675431747,0.000108121212400084,1.79150314983082e-05,0.000652535641478948,"White Perch","YoY","D_O","<0.01",-415.792022080447,0.441374383011468,0.00104299208824937
"95",10.6895131414603,0.000116370461693531,1.84986227023604e-05,0.000732059060431438,"White Perch","YoY","D_O","<0.01",-415.792022080447,0.441374383011468,0.00104299208824937
"96",10.8315587397459,0.000125249025867024,1.90951239527973e-05,0.000821535305003364,"White Perch","YoY","D_O","<0.01",-415.792022080447,0.441374383011468,0.00104299208824937
"97",10.9736043380315,0.000134804934396696,1.97049729286129e-05,0.000922222547756466,"White Perch","YoY","D_O","<0.01",-415.792022080447,0.441374383011468,0.00104299208824937
"98",11.1156499363172,0.000145089882803281,2.03286165108867e-05,0.00103553894484636,"White Perch","YoY","D_O","<0.01",-415.792022080447,0.441374383011468,0.00104299208824937
"99",11.2576955346028,0.000156159506789023,2.09665094058651e-05,0.00116308304298708,"White Perch","YoY","D_O","<0.01",-415.792022080447,0.441374383011468,0.00104299208824937
"100",11.3997411328884,0.000168073680244122,2.16191133055032e-05,0.00130665682683723,"White Perch","YoY","D_O","<0.01",-415.792022080447,0.441374383011468,0.00104299208824937
"101",0.001352078381949,0.000286049975562046,0.000160001036131016,0.000511400366507909,"White Perch","YoY","SALINITY","<0.01",-415.792022080447,0.441374383011468,0.00104299208824937
"102",0.502859399471299,0.000175873016228799,0.000101876187687466,0.000303616758140832,"White Perch","YoY","SALINITY","<0.01",-415.792022080447,0.441374383011468,0.00104299208824937
"103",1.00436672056065,0.000108705578590653,6.09121072266445e-05,0.000193999245055828,"White Perch","YoY","SALINITY","<0.01",-415.792022080447,0.441374383011468,0.00104299208824937
"104",1.50587404165,6.79274189955867e-05,3.57413508962904e-05,0.000129097925391535,"White Perch","YoY","SALINITY","<0.01",-415.792022080447,0.441374383011468,0.00104299208824937
"105",2.00738136273935,4.30732206600707e-05,2.12717050277553e-05,8.72192584285246e-05,"White Perch","YoY","SALINITY","<0.01",-415.792022080447,0.441374383011468,0.00104299208824937
"106",2.5088886838287,2.77707663190891e-05,1.29091587777148e-05,5.97417287391965e-05,"White Perch","YoY","SALINITY","<0.01",-415.792022080447,0.441374383011468,0.00104299208824937
"107",3.01039600491805,1.81870741827625e-05,7.89568770585042e-06,4.18924455540735e-05,"White Perch","YoY","SALINITY","<0.01",-415.792022080447,0.441374383011468,0.00104299208824937
"108",3.5119033260074,1.20554143890386e-05,4.8258245918742e-06,3.01156855837969e-05,"White Perch","YoY","SALINITY","<0.01",-415.792022080447,0.441374383011468,0.00104299208824937
"109",4.01341064709675,8.05143618536959e-06,2.94942478719311e-06,2.19790736582138e-05,"White Perch","YoY","SALINITY","<0.01",-415.792022080447,0.441374383011468,0.00104299208824937
"110",4.5149179681861,5.39529726314443e-06,1.80474348900822e-06,1.61292908022572e-05,"White Perch","YoY","SALINITY","<0.01",-415.792022080447,0.441374383011468,0.00104299208824937
"111",5.01642528927545,3.61712599708594e-06,1.10233007244761e-06,1.18690406855582e-05,"White Perch","YoY","SALINITY","<0.01",-415.792022080447,0.441374383011468,0.00104299208824937
"112",5.5179326103648,2.42450471035061e-06,6.69056655256017e-07,8.78583755849937e-06,"White Perch","YoY","SALINITY","<0.01",-415.792022080447,0.441374383011468,0.00104299208824937
"113",6.01943993145415,1.62826000020131e-06,4.0331735735179e-07,6.57355945616554e-06,"White Perch","YoY","SALINITY","<0.01",-415.792022080447,0.441374383011468,0.00104299208824937
"114",6.5209472525435,1.09984431179297e-06,2.43030584624938e-07,4.97738797793778e-06,"White Perch","YoY","SALINITY","<0.01",-415.792022080447,0.441374383011468,0.00104299208824937
"115",7.02245457363285,7.51144616351925e-07,1.4771168934906e-07,3.81972636804097e-06,"White Perch","YoY","SALINITY","<0.01",-415.792022080447,0.441374383011468,0.00104299208824937
"116",7.5239618947222,5.21815274965072e-07,9.11981512666489e-08,2.98570944043304e-06,"White Perch","YoY","SALINITY","<0.01",-415.792022080447,0.441374383011468,0.00104299208824937
"117",8.02546921581155,3.70906812831528e-07,5.74626610731557e-08,2.39410882189566e-06,"White Perch","YoY","SALINITY","<0.01",-415.792022080447,0.441374383011468,0.00104299208824937
"118",8.5269765369009,2.71096118415805e-07,3.71192782236133e-08,1.97991741588779e-06,"White Perch","YoY","SALINITY","<0.01",-415.792022080447,0.441374383011468,0.00104299208824937
"119",9.02848385799025,2.04506216415735e-07,2.47115840543577e-08,1.69243673172397e-06,"White Perch","YoY","SALINITY","<0.01",-415.792022080447,0.441374383011468,0.00104299208824937
"120",9.5299911790796,1.59586964124518e-07,1.70273514311178e-08,1.49571113402504e-06,"White Perch","YoY","SALINITY","<0.01",-415.792022080447,0.441374383011468,0.00104299208824937
"121",10.0314985001689,1.28956515736666e-07,1.21818484721831e-08,1.3651280418497e-06,"White Perch","YoY","SALINITY","<0.01",-415.792022080447,0.441374383011468,0.00104299208824937
"122",10.5330058212583,1.07908684771718e-07,9.06777837541981e-09,1.28413860232033e-06,"White Perch","YoY","SALINITY","<0.01",-415.792022080447,0.441374383011468,0.00104299208824937
"123",11.0345131423476,9.34524235707438e-08,7.03196706144721e-09,1.24195056588453e-06,"White Perch","YoY","SALINITY","<0.01",-415.792022080447,0.441374383011468,0.00104299208824937
"124",11.536020463437,8.37137769932538e-08,5.69375563340441e-09,1.23082143135216e-06,"White Perch","YoY","SALINITY","<0.01",-415.792022080447,0.441374383011468,0.00104299208824937
"125",12.0375277845264,7.7536797044574e-08,4.82869782165721e-09,1.2450468258683e-06,"White Perch","YoY","SALINITY","<0.01",-415.792022080447,0.441374383011468,0.00104299208824937
"126",12.5390351056157,7.42536484445979e-08,4.29319632271312e-09,1.28426558975751e-06,"White Perch","YoY","SALINITY","<0.01",-415.792022080447,0.441374383011468,0.00104299208824937
"127",13.0405424267051,7.35441668136344e-08,3.99746404052264e-09,1.35304393422499e-06,"White Perch","YoY","SALINITY","<0.01",-415.792022080447,0.441374383011468,0.00104299208824937
"128",13.5420497477944,7.53614916461863e-08,3.89483193167879e-09,1.45817702092481e-06,"White Perch","YoY","SALINITY","<0.01",-415.792022080447,0.441374383011468,0.00104299208824937
"129",14.0435570688838,7.99140864825942e-08,3.97057555615145e-09,1.60839685028877e-06,"White Perch","YoY","SALINITY","<0.01",-415.792022080447,0.441374383011468,0.00104299208824937
"130",14.5450643899731,8.7689831935471e-08,4.23455559314651e-09,1.81589459760933e-06,"White Perch","YoY","SALINITY","<0.01",-415.792022080447,0.441374383011468,0.00104299208824937
"131",15.0465717110624,9.95254560804222e-08,4.71877871056000e-09,2.09912712919749e-06,"White Perch","YoY","SALINITY","<0.01",-415.792022080447,0.441374383011468,0.00104299208824937
"132",15.5480790321518,1.16747569050872e-07,5.48569625639288e-09,2.48464264921779e-06,"White Perch","YoY","SALINITY","<0.01",-415.792022080447,0.441374383011468,0.00104299208824937
"133",16.0495863532411,1.41403751528116e-07,6.64788274631479e-09,3.00772767950956e-06,"White Perch","YoY","SALINITY","<0.01",-415.792022080447,0.441374383011468,0.00104299208824937
"134",16.5510936743305,1.7663449060214e-07,8.40265211439923e-09,3.71308282736255e-06,"White Perch","YoY","SALINITY","<0.01",-415.792022080447,0.441374383011468,0.00104299208824937
"135",17.0526009954199,2.27266088392709e-07,1.10805599647656e-08,4.66130548434021e-06,"White Perch","YoY","SALINITY","<0.01",-415.792022080447,0.441374383011468,0.00104299208824937
"136",17.5541083165092,3.00775115618855e-07,1.52017424182724e-08,5.95100664689571e-06,"White Perch","YoY","SALINITY","<0.01",-415.792022080447,0.441374383011468,0.00104299208824937
"137",18.0556156375985,4.08874003814511e-07,2.15696779352734e-08,7.75060024062384e-06,"White Perch","YoY","SALINITY","<0.01",-415.792022080447,0.441374383011468,0.00104299208824937
"138",18.5571229586879,5.70118581370039e-07,3.13963798173049e-08,1.03526329696214e-05,"White Perch","YoY","SALINITY","<0.01",-415.792022080447,0.441374383011468,0.00104299208824937
"139",19.0586302797773,8.14219802304032e-07,4.6451450998542e-08,1.42719736889344e-05,"White Perch","YoY","SALINITY","<0.01",-415.792022080447,0.441374383011468,0.00104299208824937
"140",19.5601376008666,1.18918562237147e-06,6.93056678866708e-08,2.04047156253867e-05,"White Perch","YoY","SALINITY","<0.01",-415.792022080447,0.441374383011468,0.00104299208824937
"141",20.0616449219559,1.77313645921663e-06,1.03770330983636e-07,3.02978016278956e-05,"White Perch","YoY","SALINITY","<0.01",-415.792022080447,0.441374383011468,0.00104299208824937
"142",20.5631522430453,2.69400567419778e-06,1.5580097958219e-07,4.65829328677692e-05,"White Perch","YoY","SALINITY","<0.01",-415.792022080447,0.441374383011468,0.00104299208824937
"143",21.0646595641347,4.16206523765828e-06,2.35106443704156e-07,7.36806136386524e-05,"White Perch","YoY","SALINITY","<0.01",-415.792022080447,0.441374383011468,0.00104299208824937
"144",21.566166885224,6.52348364403541e-06,3.5767440772768e-07,0.000118979266994126,"White Perch","YoY","SALINITY","<0.01",-415.792022080447,0.441374383011468,0.00104299208824937
"145",22.0676742063133,1.03483015675216e-05,5.49695063016215e-07,0.000194812274181206,"White Perch","YoY","SALINITY","<0.01",-415.792022080447,0.441374383011468,0.00104299208824937
"146",22.5691815274027,1.65732454995135e-05,8.53221518205936e-07,0.00032192397932567,"White Perch","YoY","SALINITY","<0.01",-415.792022080447,0.441374383011468,0.00104299208824937
"147",23.0706888484921,2.67325889927074e-05,1.33326775592271e-06,0.000535999847801351,"White Perch","YoY","SALINITY","<0.01",-415.792022080447,0.441374383011468,0.00104299208824937
"148",23.5721961695814,4.33312921579413e-05,2.08540049947248e-06,0.000900355054365727,"White Perch","YoY","SALINITY","<0.01",-415.792022080447,0.441374383011468,0.00104299208824937
"149",24.0737034906708,7.04389751028148e-05,3.2441822221465e-06,0.00152939905152803,"White Perch","YoY","SALINITY","<0.01",-415.792022080447,0.441374383011468,0.00104299208824937
"150",24.5752108117601,0.000114622867752498,4.99200004799951e-06,0.00263189136327669,"White Perch","YoY","SALINITY","<0.01",-415.792022080447,0.441374383011468,0.00104299208824937
"151",9.13548960629152,0.00045424837989179,0.000191964156566151,0.0010748964511154,"White Perch","Yearling","H2O_TEMP","0.05",-1573.9302264285,0.212591548276211,0.0014097736294735
"152",9.5216017084179,0.000439897771199842,0.000190002874413974,0.00101845853492181,"White Perch","Yearling","H2O_TEMP","0.05",-1573.9302264285,0.212591548276211,0.0014097736294735
"153",9.90771381054429,0.00042603450213634,0.000187840253730529,0.000966275297258398,"White Perch","Yearling","H2O_TEMP","0.05",-1573.9302264285,0.212591548276211,0.0014097736294735
"154",10.2938259126707,0.000412755984798892,0.000185596223477868,0.000917947034669157,"White Perch","Yearling","H2O_TEMP","0.05",-1573.9302264285,0.212591548276211,0.0014097736294735
"155",10.6799380147971,0.000400183413374899,0.000183446682058197,0.000872988066851923,"White Perch","Yearling","H2O_TEMP","0.05",-1573.9302264285,0.212591548276211,0.0014097736294735
"156",11.0660501169234,0.000388415866672236,0.000181568714338204,0.00083090793495254,"White Perch","Yearling","H2O_TEMP","0.05",-1573.9302264285,0.212591548276211,0.0014097736294735
"157",11.4521622190498,0.00037751025006225,0.000180099875446282,0.000791305316280295,"White Perch","Yearling","H2O_TEMP","0.05",-1573.9302264285,0.212591548276211,0.0014097736294735
"158",11.8382743211762,0.00036742831336322,0.00017905502914861,0.000753978070891781,"White Perch","Yearling","H2O_TEMP","0.05",-1573.9302264285,0.212591548276211,0.0014097736294735
"159",12.2243864233026,0.000358071683663022,0.000178359196357693,0.000718860217244644,"White Perch","Yearling","H2O_TEMP","0.05",-1573.9302264285,0.212591548276211,0.0014097736294735
"160",12.610498525429,0.000349345581984773,0.000177930014074711,0.000685900781197237,"White Perch","Yearling","H2O_TEMP","0.05",-1573.9302264285,0.212591548276211,0.0014097736294735
"161",12.9966106275554,0.000341154211933565,0.000177680252573642,0.00065503169110914,"White Perch","Yearling","H2O_TEMP","0.05",-1573.9302264285,0.212591548276211,0.0014097736294735
"162",13.3827227296817,0.000333392812972724,0.000177517230427926,0.000626140727150392,"White Perch","Yearling","H2O_TEMP","0.05",-1573.9302264285,0.212591548276211,0.0014097736294735
"163",13.7688348318081,0.000325958373003941,0.000177363153744055,0.000599046976153229,"White Perch","Yearling","H2O_TEMP","0.05",-1573.9302264285,0.212591548276211,0.0014097736294735
"164",14.1549469339345,0.000318749859903021,0.000177156160051138,0.000573513634292293,"White Perch","Yearling","H2O_TEMP","0.05",-1573.9302264285,0.212591548276211,0.0014097736294735
"165",14.5410590360609,0.000311668714691105,0.000176834672735717,0.000549311886715672,"White Perch","Yearling","H2O_TEMP","0.05",-1573.9302264285,0.212591548276211,0.0014097736294735
"166",14.9271711381873,0.000304656849029954,0.0001763496248774,0.000526316944112506,"White Perch","Yearling","H2O_TEMP","0.05",-1573.9302264285,0.212591548276211,0.0014097736294735
"167",15.3132832403137,0.000297712328437525,0.000175683082940471,0.000504502932326872,"White Perch","Yearling","H2O_TEMP","0.05",-1573.9302264285,0.212591548276211,0.0014097736294735
"168",15.69939534244,0.000290863150124069,0.000174844581046989,0.000483866137534802,"White Perch","Yearling","H2O_TEMP","0.05",-1573.9302264285,0.212591548276211,0.0014097736294735
"169",16.0855074445664,0.000284173608261757,0.000173877360740535,0.000464434468573575,"White Perch","Yearling","H2O_TEMP","0.05",-1573.9302264285,0.212591548276211,0.0014097736294735
"170",16.4716195466928,0.000277729569046187,0.000172854343798342,0.000446235320603617,"White Perch","Yearling","H2O_TEMP","0.05",-1573.9302264285,0.212591548276211,0.0014097736294735
"171",16.8577316488192,0.00027161882579188,0.000171872913034163,0.000429251970087313,"White Perch","Yearling","H2O_TEMP","0.05",-1573.9302264285,0.212591548276211,0.0014097736294735
"172",17.2438437509456,0.000265922943966138,0.000171047177473581,0.000413424022378503,"White Perch","Yearling","H2O_TEMP","0.05",-1573.9302264285,0.212591548276211,0.0014097736294735
"173",17.629955853072,0.000260712016897859,0.0001704745487183,0.000398714976904073,"White Perch","Yearling","H2O_TEMP","0.05",-1573.9302264285,0.212591548276211,0.0014097736294735
"174",18.0160679551983,0.000256027755087023,0.000170178162054606,0.000385185799302893,"White Perch","Yearling","H2O_TEMP","0.05",-1573.9302264285,0.212591548276211,0.0014097736294735
"175",18.4021800573247,0.000251887883392429,0.000170128147378086,0.000372939497536024,"White Perch","Yearling","H2O_TEMP","0.05",-1573.9302264285,0.212591548276211,0.0014097736294735
"176",18.7882921594511,0.000248306048869801,0.000170310208109104,0.000362021129501725,"White Perch","Yearling","H2O_TEMP","0.05",-1573.9302264285,0.212591548276211,0.0014097736294735
"177",19.1744042615775,0.000245297129858899,0.000170748630163623,0.000352393350736423,"White Perch","Yearling","H2O_TEMP","0.05",-1573.9302264285,0.212591548276211,0.0014097736294735
"178",19.5605163637039,0.000242878910286675,0.000171492465048325,0.000343981090046258,"White Perch","Yearling","H2O_TEMP","0.05",-1573.9302264285,0.212591548276211,0.0014097736294735
"179",19.9466284658303,0.000241080839826277,0.000172569520106038,0.00033679163791862,"White Perch","Yearling","H2O_TEMP","0.05",-1573.9302264285,0.212591548276211,0.0014097736294735
"180",20.3327405679566,0.000239945501134623,0.000173983499371138,0.000330915539248522,"White Perch","Yearling","H2O_TEMP","0.05",-1573.9302264285,0.212591548276211,0.0014097736294735
"181",20.718852670083,0.000239517008504092,0.000175752782363132,0.000326415301034708,"White Perch","Yearling","H2O_TEMP","0.05",-1573.9302264285,0.212591548276211,0.0014097736294735
"182",21.1049647722094,0.000239814954864948,0.000177899004728922,0.000323280125510038,"White Perch","Yearling","H2O_TEMP","0.05",-1573.9302264285,0.212591548276211,0.0014097736294735
"183",21.4910768743358,0.000240833440843763,0.000180434774110751,0.000321449933996899,"White Perch","Yearling","H2O_TEMP","0.05",-1573.9302264285,0.212591548276211,0.0014097736294735
"184",21.8771889764622,0.000242541411036454,0.000183332082325582,0.000320873113539853,"White Perch","Yearling","H2O_TEMP","0.05",-1573.9302264285,0.212591548276211,0.0014097736294735
"185",22.2633010785886,0.000244875240849793,0.000186508193257328,0.000321508039587895,"White Perch","Yearling","H2O_TEMP","0.05",-1573.9302264285,0.212591548276211,0.0014097736294735
"186",22.6494131807149,0.000247766730304811,0.000189913532808546,0.000323243698003465,"White Perch","Yearling","H2O_TEMP","0.05",-1573.9302264285,0.212591548276211,0.0014097736294735
"187",23.0355252828413,0.000251196518811189,0.000193528827515927,0.000326048020198267,"White Perch","Yearling","H2O_TEMP","0.05",-1573.9302264285,0.212591548276211,0.0014097736294735
"188",23.4216373849677,0.000255218657532346,0.000197343746232849,0.000330066517921259,"White Perch","Yearling","H2O_TEMP","0.05",-1573.9302264285,0.212591548276211,0.0014097736294735
"189",23.8077494870941,0.000259919501424815,0.000201386918571621,0.000335464426885791,"White Perch","Yearling","H2O_TEMP","0.05",-1573.9302264285,0.212591548276211,0.0014097736294735
"190",24.1938615892205,0.000265401399604875,0.000205719193795977,0.000342398303301166,"White Perch","Yearling","H2O_TEMP","0.05",-1573.9302264285,0.212591548276211,0.0014097736294735
"191",24.5799736913469,0.000271748241003234,0.000210379167210935,0.00035101910263914,"White Perch","Yearling","H2O_TEMP","0.05",-1573.9302264285,0.212591548276211,0.0014097736294735
"192",24.9660857934732,0.000278979834023683,0.000215321966767142,0.000361457537103264,"White Perch","Yearling","H2O_TEMP","0.05",-1573.9302264285,0.212591548276211,0.0014097736294735
"193",25.3521978955996,0.000287052459043332,0.000220447737283168,0.000373780721264474,"White Perch","Yearling","H2O_TEMP","0.05",-1573.9302264285,0.212591548276211,0.0014097736294735
"194",25.738309997726,0.000295875124278943,0.000225621467629852,0.000388004253702925,"White Perch","Yearling","H2O_TEMP","0.05",-1573.9302264285,0.212591548276211,0.0014097736294735
"195",26.1244220998524,0.000305335548837565,0.000230679805078194,0.000404152402297787,"White Perch","Yearling","H2O_TEMP","0.05",-1573.9302264285,0.212591548276211,0.0014097736294735
"196",26.5105342019788,0.000315309383035735,0.000235441152112614,0.000422271154121868,"White Perch","Yearling","H2O_TEMP","0.05",-1573.9302264285,0.212591548276211,0.0014097736294735
"197",26.8966463041051,0.000325665828073342,0.000239693422687194,0.000442474517597022,"White Perch","Yearling","H2O_TEMP","0.05",-1573.9302264285,0.212591548276211,0.0014097736294735
"198",27.2827584062315,0.000336325213989255,0.000243202579045464,0.000465104646541486,"White Perch","Yearling","H2O_TEMP","0.05",-1573.9302264285,0.212591548276211,0.0014097736294735
"199",27.6688705083579,0.000347306390929339,0.000245880587664818,0.000490570363142262,"White Perch","Yearling","H2O_TEMP","0.05",-1573.9302264285,0.212591548276211,0.0014097736294735
"200",28.0549826104843,0.000358639939396597,0.000247814025071657,0.000519028759946909,"White Perch","Yearling","H2O_TEMP","0.05",-1573.9302264285,0.212591548276211,0.0014097736294735
"201",4.43950681689319,0.000398850439351996,0.00010628912190937,0.00149668818514583,"White Perch","Yearling","D_O","<0.01",-1573.9302264285,0.212591548276211,0.0014097736294735
"202",4.58155241517881,0.000394331352155782,0.000124873898622953,0.00124523392804864,"White Perch","Yearling","D_O","<0.01",-1573.9302264285,0.212591548276211,0.0014097736294735
"203",4.72359801346442,0.000389357846738812,0.000144046606461411,0.00105243390692231,"White Perch","Yearling","D_O","<0.01",-1573.9302264285,0.212591548276211,0.0014097736294735
"204",4.86564361175004,0.00038276794934324,0.000162156991937794,0.000903515175593745,"White Perch","Yearling","D_O","<0.01",-1573.9302264285,0.212591548276211,0.0014097736294735
"205",5.00768921003566,0.000373231108829415,0.000178039594947213,0.000782418431357004,"White Perch","Yearling","D_O","<0.01",-1573.9302264285,0.212591548276211,0.0014097736294735
"206",5.14973480832127,0.000359676919347434,0.000191543427222295,0.000675395069344373,"White Perch","Yearling","D_O","<0.01",-1573.9302264285,0.212591548276211,0.0014097736294735
"207",5.29178040660689,0.000341886683949308,0.000202767781745861,0.000576455014970544,"White Perch","Yearling","D_O","<0.01",-1573.9302264285,0.212591548276211,0.0014097736294735
"208",5.43382600489251,0.000321286330563314,0.000210054099772572,0.000491420573645561,"White Perch","Yearling","D_O","<0.01",-1573.9302264285,0.212591548276211,0.0014097736294735
"209",5.57587160317812,0.000300623072721798,0.000210962317968817,0.00042839040034654,"White Perch","Yearling","D_O","<0.01",-1573.9302264285,0.212591548276211,0.0014097736294735
"210",5.71791720146374,0.0002827304467197,0.000207064410935841,0.00038604656947586,"White Perch","Yearling","D_O","<0.01",-1573.9302264285,0.212591548276211,0.0014097736294735
"211",5.85996279974936,0.000269295562759991,0.000203182845811353,0.00035692038780455,"White Perch","Yearling","D_O","<0.01",-1573.9302264285,0.212591548276211,0.0014097736294735
"212",6.00200839803497,0.000260343834279573,0.000200296412207924,0.000338393041094665,"White Perch","Yearling","D_O","<0.01",-1573.9302264285,0.212591548276211,0.0014097736294735
"213",6.14405399632059,0.000254888744191261,0.000197040833634854,0.000329719838862405,"White Perch","Yearling","D_O","<0.01",-1573.9302264285,0.212591548276211,0.0014097736294735
"214",6.28609959460621,0.000251744001206199,0.000193921382270327,0.000326807912574394,"White Perch","Yearling","D_O","<0.01",-1573.9302264285,0.212591548276211,0.0014097736294735
"215",6.42814519289182,0.000249915303953493,0.000191386363245391,0.00032634330937197,"White Perch","Yearling","D_O","<0.01",-1573.9302264285,0.212591548276211,0.0014097736294735
"216",6.57019079117744,0.000248229317424638,0.000187986133738491,0.000327778399415452,"White Perch","Yearling","D_O","<0.01",-1573.9302264285,0.212591548276211,0.0014097736294735
"217",6.71223638946305,0.000244842697225221,0.000182317352986596,0.000328810973845856,"White Perch","Yearling","D_O","<0.01",-1573.9302264285,0.212591548276211,0.0014097736294735
"218",6.85428198774867,0.000237410801935558,0.000173979357203814,0.000323968830449553,"White Perch","Yearling","D_O","<0.01",-1573.9302264285,0.212591548276211,0.0014097736294735
"219",6.99632758603429,0.000224204801592444,0.000161566140661398,0.000311128265188039,"White Perch","Yearling","D_O","<0.01",-1573.9302264285,0.212591548276211,0.0014097736294735
"220",7.1383731843199,0.000205658055693529,0.000144382753559132,0.000292938282648285,"White Perch","Yearling","D_O","<0.01",-1573.9302264285,0.212591548276211,0.0014097736294735
"221",7.28041878260552,0.000184597504296357,0.00012514274875605,0.000272298946052965,"White Perch","Yearling","D_O","<0.01",-1573.9302264285,0.212591548276211,0.0014097736294735
"222",7.42246438089114,0.000165140638717286,0.000108173051640941,0.000252109283617841,"White Perch","Yearling","D_O","<0.01",-1573.9302264285,0.212591548276211,0.0014097736294735
"223",7.56450997917675,0.000150945221868013,9.62665089909697e-05,0.000236681066381258,"White Perch","Yearling","D_O","<0.01",-1573.9302264285,0.212591548276211,0.0014097736294735
"224",7.70655557746237,0.00014439110645572,9.02894938390063e-05,0.000230910493979314,"White Perch","Yearling","D_O","<0.01",-1573.9302264285,0.212591548276211,0.0014097736294735
"225",7.84860117574799,0.000147143418445443,9.03929711879363e-05,0.000239522888862626,"White Perch","Yearling","D_O","<0.01",-1573.9302264285,0.212591548276211,0.0014097736294735
"226",7.9906467740336,0.000161395208776206,9.74966495118437e-05,0.000267172395629356,"White Perch","Yearling","D_O","<0.01",-1573.9302264285,0.212591548276211,0.0014097736294735
"227",8.13269237231922,0.000190332204601712,0.000113561889542384,0.000319000927639788,"White Perch","Yearling","D_O","<0.01",-1573.9302264285,0.212591548276211,0.0014097736294735
"228",8.27473797060484,0.000238520026124327,0.000141724151891925,0.00040142630668719,"White Perch","Yearling","D_O","<0.01",-1573.9302264285,0.212591548276211,0.0014097736294735
"229",8.41678356889045,0.000309765596983168,0.000184095805472517,0.000521221680353077,"White Perch","Yearling","D_O","<0.01",-1573.9302264285,0.212591548276211,0.0014097736294735
"230",8.55882916717607,0.000401663379100054,0.000236682650090542,0.000681644683496472,"White Perch","Yearling","D_O","<0.01",-1573.9302264285,0.212591548276211,0.0014097736294735
"231",8.70087476546169,0.000500407992712885,0.000287262042835912,0.000871706392876885,"White Perch","Yearling","D_O","<0.01",-1573.9302264285,0.212591548276211,0.0014097736294735
"232",8.8429203637473,0.000579709006395496,0.000319746478308186,0.00105102809536542,"White Perch","Yearling","D_O","<0.01",-1573.9302264285,0.212591548276211,0.0014097736294735
"233",8.98496596203292,0.000613043735669357,0.000323246434358896,0.00116265047931254,"White Perch","Yearling","D_O","<0.01",-1573.9302264285,0.212591548276211,0.0014097736294735
"234",9.12701156031854,0.000592790222599899,0.000298230924544378,0.00117828239491558,"White Perch","Yearling","D_O","<0.01",-1573.9302264285,0.212591548276211,0.0014097736294735
"235",9.26905715860415,0.000531442078740326,0.000253979177372041,0.00111202298542026,"White Perch","Yearling","D_O","<0.01",-1573.9302264285,0.212591548276211,0.0014097736294735
"236",9.41110275688977,0.000449972321884833,0.000202806735184712,0.000998364725303711,"White Perch","Yearling","D_O","<0.01",-1573.9302264285,0.212591548276211,0.0014097736294735
"237",9.55314835517538,0.000366934920082609,0.000154937010170889,0.000869006284731623,"White Perch","Yearling","D_O","<0.01",-1573.9302264285,0.212591548276211,0.0014097736294735
"238",9.695193953461,0.000293844823607564,0.000115941426518767,0.000744727600423165,"White Perch","Yearling","D_O","<0.01",-1573.9302264285,0.212591548276211,0.0014097736294735
"239",9.83723955174662,0.000235273695359682,8.69982721242199e-05,0.000636262196669425,"White Perch","Yearling","D_O","<0.01",-1573.9302264285,0.212591548276211,0.0014097736294735
"240",9.97928515003223,0.000190977977678245,6.66459400949336e-05,0.000547258961402883,"White Perch","Yearling","D_O","<0.01",-1573.9302264285,0.212591548276211,0.0014097736294735
"241",10.1213307483179,0.000158646428801927,5.26812124467339e-05,0.000477754558079942,"White Perch","Yearling","D_O","<0.01",-1573.9302264285,0.212591548276211,0.0014097736294735
"242",10.2633763466035,0.000135858544581798,4.32325012228805e-05,0.000426936763171037,"White Perch","Yearling","D_O","<0.01",-1573.9302264285,0.212591548276211,0.0014097736294735
"243",10.4054219448891,0.000120481400572238,3.68543887952922e-05,0.000393868094366616,"White Perch","Yearling","D_O","<0.01",-1573.9302264285,0.212591548276211,0.0014097736294735
"244",10.5474675431747,0.000110679819961365,3.24263132197211e-05,0.000377780306495959,"White Perch","Yearling","D_O","<0.01",-1573.9302264285,0.212591548276211,0.0014097736294735
"245",10.6895131414603,0.000104924550698057,2.9097673102969e-05,0.000378351949320159,"White Perch","Yearling","D_O","<0.01",-1573.9302264285,0.212591548276211,0.0014097736294735
"246",10.8315587397459,0.000102019240758147,2.62856193033479e-05,0.000395955117692174,"White Perch","Yearling","D_O","<0.01",-1573.9302264285,0.212591548276211,0.0014097736294735
"247",10.9736043380315,0.000101056210287479,2.3659308242855e-05,0.000431642275118137,"White Perch","Yearling","D_O","<0.01",-1573.9302264285,0.212591548276211,0.0014097736294735
"248",11.1156499363172,0.000101285016217568,2.10765294412645e-05,0.000486733574366763,"White Perch","Yearling","D_O","<0.01",-1573.9302264285,0.212591548276211,0.0014097736294735
"249",11.2576955346028,0.000102117914654909,1.85266621491662e-05,0.000562868173959582,"White Perch","Yearling","D_O","<0.01",-1573.9302264285,0.212591548276211,0.0014097736294735
"250",11.3997411328884,0.000103228195595748,1.6075459810116e-05,0.000662877484801299,"White Perch","Yearling","D_O","<0.01",-1573.9302264285,0.212591548276211,0.0014097736294735
"251",0.001352078381949,0.00060226213149483,0.000453919845725966,0.000799083094621228,"White Perch","Yearling","SALINITY","<0.01",-1573.9302264285,0.212591548276211,0.0014097736294735
"252",0.502859399471299,0.000533000574478494,0.000405624710894168,0.000700375506630629,"White Perch","Yearling","SALINITY","<0.01",-1573.9302264285,0.212591548276211,0.0014097736294735
"253",1.00436672056065,0.000471704058363664,0.000361786622976863,0.00061501643384692,"White Perch","Yearling","SALINITY","<0.01",-1573.9302264285,0.212591548276211,0.0014097736294735
"254",1.50587404165,0.000417456759064887,0.000322029148961211,0.000541162643975282,"White Perch","Yearling","SALINITY","<0.01",-1573.9302264285,0.212591548276211,0.0014097736294735
"255",2.00738136273935,0.00036944857186501,0.000286022593303591,0.000477207921502269,"White Perch","Yearling","SALINITY","<0.01",-1573.9302264285,0.212591548276211,0.0014097736294735
"256",2.5088886838287,0.000326962665722747,0.000253475250651591,0.000421755514598418,"White Perch","Yearling","SALINITY","<0.01",-1573.9302264285,0.212591548276211,0.0014097736294735
"257",3.01039600491805,0.000289364720699765,0.0002241255242994,0.00037359395743699,"White Perch","Yearling","SALINITY","<0.01",-1573.9302264285,0.212591548276211,0.0014097736294735
"258",3.5119033260074,0.000256093209471413,0.000197734829607761,0.000331675163487713,"White Perch","Yearling","SALINITY","<0.01",-1573.9302264285,0.212591548276211,0.0014097736294735
"259",4.01341064709675,0.000226650805238478,0.000174080730631584,0.000295096345981961,"White Perch","Yearling","SALINITY","<0.01",-1573.9302264285,0.212591548276211,0.0014097736294735
"260",4.5149179681861,0.000200596977418015,0.000152951001695709,0.000263085216200794,"White Perch","Yearling","SALINITY","<0.01",-1573.9302264285,0.212591548276211,0.0014097736294735
"261",5.01642528927545,0.000177541580452958,0.000134140105406084,0.00023498574639039,"White Perch","Yearling","SALINITY","<0.01",-1573.9302264285,0.212591548276211,0.0014097736294735
"262",5.5179326103648,0.00015713918690634,0.000117448134259212,0.000210243646843192,"White Perch","Yearling","SALINITY","<0.01",-1573.9302264285,0.212591548276211,0.0014097736294735
"263",6.01943993145415,0.000139084048996297,0.000102681478821679,0.000188392034349236,"White Perch","Yearling","SALINITY","<0.01",-1573.9302264285,0.212591548276211,0.0014097736294735
"264",6.5209472525435,0.000123105673907491,8.96544148037227e-05,0.000169038044377355,"White Perch","Yearling","SALINITY","<0.01",-1573.9302264285,0.212591548276211,0.0014097736294735
"265",7.02245457363285,0.000108964807927449,7.81906190813453e-05,0.000151851072496477,"White Perch","Yearling","SALINITY","<0.01",-1573.9302264285,0.212591548276211,0.0014097736294735
"266",7.5239618947222,9.64498416484077e-05,6.81245759934193e-05,0.000136552364816209,"White Perch","Yearling","SALINITY","<0.01",-1573.9302264285,0.212591548276211,0.0014097736294735
"267",8.02546921581155,8.53736040977513e-05,5.93027009600147e-05,0.000122905907465395,"White Perch","Yearling","SALINITY","<0.01",-1573.9302264285,0.212591548276211,0.0014097736294735
"268",8.5269765369009,7.55705100911517e-05,5.15839979231951e-05,0.000110710728624408,"White Perch","Yearling","SALINITY","<0.01",-1573.9302264285,0.212591548276211,0.0014097736294735
"269",9.02848385799025,6.68940467293235e-05,4.48401801386833e-05,9.97947259352004e-05,"White Perch","Yearling","SALINITY","<0.01",-1573.9302264285,0.212591548276211,0.0014097736294735
"270",9.5299911790796,5.92145654173481e-05,3.89553791017566e-05,9.00097711385714e-05,"White Perch","Yearling","SALINITY","<0.01",-1573.9302264285,0.212591548276211,0.0014097736294735
"271",10.0314985001689,5.24173437335409e-05,3.38256174841617e-05,8.12277240871266e-05,"White Perch","Yearling","SALINITY","<0.01",-1573.9302264285,0.212591548276211,0.0014097736294735
"272",10.5330058212583,4.64008758711695e-05,2.93581052949414e-05,7.33372014297758e-05,"White Perch","Yearling","SALINITY","<0.01",-1573.9302264285,0.212591548276211,0.0014097736294735
"273",11.0345131423476,4.10753629177769e-05,2.5470428246612e-05,6.62409529392779e-05,"White Perch","Yearling","SALINITY","<0.01",-1573.9302264285,0.212591548276211,0.0014097736294735
"274",11.536020463437,3.63613663240332e-05,2.20896791963218e-05,5.98536967965877e-05,"White Perch","Yearling","SALINITY","<0.01",-1573.9302264285,0.212591548276211,0.0014097736294735
"275",12.0375277845264,3.21886051973785e-05,1.91515559621263e-05,5.41003721369525e-05,"White Perch","Yearling","SALINITY","<0.01",-1573.9302264285,0.212591548276211,0.0014097736294735
"276",12.5390351056157,2.84949005427144e-05,1.65994785935861e-05,4.89147506869837e-05,"White Perch","Yearling","SALINITY","<0.01",-1573.9302264285,0.212591548276211,0.0014097736294735
"277",13.0405424267051,2.52252317380617e-05,1.4383773606082e-05,4.4238204358963e-05,"White Perch","Yearling","SALINITY","<0.01",-1573.9302264285,0.212591548276211,0.0014097736294735
"278",13.5420497477944,2.2330901629257e-05,1.2460917805287e-05,4.00186547546258e-05,"White Perch","Yearling","SALINITY","<0.01",-1573.9302264285,0.212591548276211,0.0014097736294735
"279",14.0435570688838,1.97688043359398e-05,1.07928332834739e-05,3.62097342382816e-05,"White Perch","Yearling","SALINITY","<0.01",-1573.9302264285,0.212591548276211,0.0014097736294735
"280",14.5450643899731,1.7500780535854e-05,9.34624531926266e-06,3.27700920425113e-05,"White Perch","Yearling","SALINITY","<0.01",-1573.9302264285,0.212591548276211,0.0014097736294735
"281",15.0465717110624,1.54930499310782e-05,8.09210888423247e-06,2.96627986104577e-05,"White Perch","Yearling","SALINITY","<0.01",-1573.9302264285,0.212591548276211,0.0014097736294735
"282",15.5480790321518,1.37157126275806e-05,7.00510321015053e-06,2.68548181573947e-05,"White Perch","Yearling","SALINITY","<0.01",-1573.9302264285,0.212591548276211,0.0014097736294735
"283",16.0495863532411,1.21423061206205e-05,6.06317861077317e-06,2.43165519921996e-05,"White Perch","Yearling","SALINITY","<0.01",-1573.9302264285,0.212591548276211,0.0014097736294735
"284",16.5510936743305,1.07494117711824e-05,5.24714981042894e-06,2.20214511879903e-05,"White Perch","Yearling","SALINITY","<0.01",-1573.9302264285,0.212591548276211,0.0014097736294735
"285",17.0526009954199,9.5163060032116e-06,4.54033325399028e-06,1.99456900806063e-05,"White Perch","Yearling","SALINITY","<0.01",-1573.9302264285,0.212591548276211,0.0014097736294735
"286",17.5541083165092,8.42465153641883e-06,3.92822772515715e-06,1.80678816188654e-05,"White Perch","Yearling","SALINITY","<0.01",-1573.9302264285,0.212591548276211,0.0014097736294735
"287",18.0556156375985,7.45822050353605e-06,3.3982350458609e-06,1.6368806844929e-05,"White Perch","Yearling","SALINITY","<0.01",-1573.9302264285,0.212591548276211,0.0014097736294735
"288",18.5571229586879,6.60264993522385e-06,2.939415325825e-06,1.48311760451462e-05,"White Perch","Yearling","SALINITY","<0.01",-1573.9302264285,0.212591548276211,0.0014097736294735
"289",19.0586302797773,5.84522626435182e-06,2.54227249064683e-06,1.34394209146224e-05,"White Perch","Yearling","SALINITY","<0.01",-1573.9302264285,0.212591548276211,0.0014097736294735
"290",19.5601376008666,5.17469439712668e-06,2.19856641720897e-06,1.21795101999455e-05,"White Perch","Yearling","SALINITY","<0.01",-1573.9302264285,0.212591548276211,0.0014097736294735
"291",20.0616449219559,4.58108952387553e-06,1.90114853419816e-06,1.1038790945713e-05,"White Perch","Yearling","SALINITY","<0.01",-1573.9302264285,0.212591548276211,0.0014097736294735
"292",20.5631522430453,4.0555885538232e-06,1.64381874454885e-06,1.0005846795728e-05,"White Perch","Yearling","SALINITY","<0.01",-1573.9302264285,0.212591548276211,0.0014097736294735
"293",21.0646595641347,3.59037895448012e-06,1.42120049156358e-06,9.07037473832532e-06,"White Perch","Yearling","SALINITY","<0.01",-1573.9302264285,0.212591548276211,0.0014097736294735
"294",21.566166885224,3.17854321143548e-06,1.22863253061731e-06,8.2230745932524e-06,"White Perch","Yearling","SALINITY","<0.01",-1573.9302264285,0.212591548276211,0.0014097736294735
"295",22.0676742063133,2.81395679791998e-06,1.06207522130074e-06,7.45554806453574e-06,"White Perch","Yearling","SALINITY","<0.01",-1573.9302264285,0.212591548276211,0.0014097736294735
"296",22.5691815274027,2.49119745759767e-06,9.18028683760421e-07,6.7602079134607e-06,"White Perch","Yearling","SALINITY","<0.01",-1573.9302264285,0.212591548276211,0.0014097736294735
"297",23.0706888484921,2.20546470704568e-06,7.93461447404756e-07,6.13019648268159e-06,"White Perch","Yearling","SALINITY","<0.01",-1573.9302264285,0.212591548276211,0.0014097736294735
"298",23.5721961695814,1.95250872203994e-06,6.85748488859671e-07,5.55931273867112e-06,"White Perch","Yearling","SALINITY","<0.01",-1573.9302264285,0.212591548276211,0.0014097736294735
"299",24.0737034906708,1.72856772667374e-06,5.9261753775017e-07,5.0419472853293e-06,"White Perch","Yearling","SALINITY","<0.01",-1573.9302264285,0.212591548276211,0.0014097736294735
"300",24.5752108117601,1.53031212088025e-06,5.12101917008713e-07,4.57302562152517e-06,"White Perch","Yearling","SALINITY","<0.01",-1573.9302264285,0.212591548276211,0.0014097736294735
"301",9.13548960629152,5.0439773399321e-05,6.61546038980896e-06,0.000384579544077404,"White Perch","Older.age","H2O_TEMP","<0.01",-2019.64265901653,0.184397086778833,0.00261932312887716
"302",9.5216017084179,9.7618682791566e-05,1.52771418698035e-05,0.000623768981866694,"White Perch","Older.age","H2O_TEMP","<0.01",-2019.64265901653,0.184397086778833,0.00261932312887716
"303",9.90771381054429,0.000187570868965473,3.42440572688725e-05,0.00102741420528004,"White Perch","Older.age","H2O_TEMP","<0.01",-2019.64265901653,0.184397086778833,0.00261932312887716
"304",10.2938259126707,0.000349119760756114,7.24409886986821e-05,0.00168253649680825,"White Perch","Older.age","H2O_TEMP","<0.01",-2019.64265901653,0.184397086778833,0.00261932312887716
"305",10.6799380147971,0.000609145972525779,0.000140321886360483,0.00264434027697674,"White Perch","Older.age","H2O_TEMP","<0.01",-2019.64265901653,0.184397086778833,0.00261932312887716
"306",11.0660501169234,0.000965584094894326,0.000243393242364147,0.00383064309944144,"White Perch","Older.age","H2O_TEMP","<0.01",-2019.64265901653,0.184397086778833,0.00261932312887716
"307",11.4521622190498,0.00135709991962931,0.000373155681028365,0.00493552767783774,"White Perch","Older.age","H2O_TEMP","<0.01",-2019.64265901653,0.184397086778833,0.00261932312887716
"308",11.8382743211762,0.00168594262347762,0.000506918917332818,0.00560721336779869,"White Perch","Older.age","H2O_TEMP","<0.01",-2019.64265901653,0.184397086778833,0.00261932312887716
"309",12.2243864233026,0.00187476796158368,0.000616877723492956,0.00569765251025594,"White Perch","Older.age","H2O_TEMP","<0.01",-2019.64265901653,0.184397086778833,0.00261932312887716
"310",12.610498525429,0.00189238389656189,0.000678862792431746,0.00527517025810015,"White Perch","Older.age","H2O_TEMP","<0.01",-2019.64265901653,0.184397086778833,0.00261932312887716
"311",12.9966106275554,0.00176286377010066,0.000682933377690606,0.004550500493097,"White Perch","Older.age","H2O_TEMP","<0.01",-2019.64265901653,0.184397086778833,0.00261932312887716
"312",13.3827227296817,0.00154821685838794,0.000638497442773696,0.00375408776922255,"White Perch","Older.age","H2O_TEMP","<0.01",-2019.64265901653,0.184397086778833,0.00261932312887716
"313",13.7688348318081,0.0013122152762364,0.000567487749020168,0.00303426626241931,"White Perch","Older.age","H2O_TEMP","<0.01",-2019.64265901653,0.184397086778833,0.00261932312887716
"314",14.1549469339345,0.00110119552909385,0.000493765632879859,0.00245588496352751,"White Perch","Older.age","H2O_TEMP","<0.01",-2019.64265901653,0.184397086778833,0.00261932312887716
"315",14.5410590360609,0.000942598394752456,0.000435378723727254,0.00204073301098312,"White Perch","Older.age","H2O_TEMP","<0.01",-2019.64265901653,0.184397086778833,0.00261932312887716
"316",14.9271711381873,0.000843214647714797,0.000399280849027425,0.00178072888758046,"White Perch","Older.age","H2O_TEMP","<0.01",-2019.64265901653,0.184397086778833,0.00261932312887716
"317",15.3132832403137,0.000796798144154828,0.00038472164484822,0.00165025100882758,"White Perch","Older.age","H2O_TEMP","<0.01",-2019.64265901653,0.184397086778833,0.00261932312887716
"318",15.69939534244,0.000796068548148742,0.000390107345248213,0.00162448910811568,"White Perch","Older.age","H2O_TEMP","<0.01",-2019.64265901653,0.184397086778833,0.00261932312887716
"319",16.0855074445664,0.000829399953863541,0.000410932954660429,0.00167400612598055,"White Perch","Older.age","H2O_TEMP","<0.01",-2019.64265901653,0.184397086778833,0.00261932312887716
"320",16.4716195466928,0.000878951274018751,0.000439187552762198,0.00175905564089949,"White Perch","Older.age","H2O_TEMP","<0.01",-2019.64265901653,0.184397086778833,0.00261932312887716
"321",16.8577316488192,0.000920121773600741,0.000464290945812601,0.00182347746793213,"White Perch","Older.age","H2O_TEMP","<0.01",-2019.64265901653,0.184397086778833,0.00261932312887716
"322",17.2438437509456,0.000923437368947672,0.000473831128640201,0.00179966347254597,"White Perch","Older.age","H2O_TEMP","<0.01",-2019.64265901653,0.184397086778833,0.00261932312887716
"323",17.629955853072,0.000865930110783363,0.000454989826790077,0.00164802576367767,"White Perch","Older.age","H2O_TEMP","<0.01",-2019.64265901653,0.184397086778833,0.00261932312887716
"324",18.0160679551983,0.000755241966357535,0.000404649754206284,0.00140959044659847,"White Perch","Older.age","H2O_TEMP","<0.01",-2019.64265901653,0.184397086778833,0.00261932312887716
"325",18.4021800573247,0.00062357417036308,0.00033593458798309,0.00115750137036671,"White Perch","Older.age","H2O_TEMP","<0.01",-2019.64265901653,0.184397086778833,0.00261932312887716
"326",18.7882921594511,0.000498714550150987,0.000268260015927489,0.000927146006729268,"White Perch","Older.age","H2O_TEMP","<0.01",-2019.64265901653,0.184397086778833,0.00261932312887716
"327",19.1744042615775,0.000395674087768517,0.000215506464247745,0.000726465372061741,"White Perch","Older.age","H2O_TEMP","<0.01",-2019.64265901653,0.184397086778833,0.00261932312887716
"328",19.5605163637039,0.000319667149875482,0.000181889624055032,0.000561808224303088,"White Perch","Older.age","H2O_TEMP","<0.01",-2019.64265901653,0.184397086778833,0.00261932312887716
"329",19.9466284658303,0.000272490910050148,0.000164254894925761,0.000452049213471033,"White Perch","Older.age","H2O_TEMP","<0.01",-2019.64265901653,0.184397086778833,0.00261932312887716
"330",20.3327405679566,0.000255094011793775,0.000157786850704509,0.000412410505454008,"White Perch","Older.age","H2O_TEMP","<0.01",-2019.64265901653,0.184397086778833,0.00261932312887716
"331",20.718852670083,0.000269401357010412,0.000163404399830702,0.00044415628486287,"White Perch","Older.age","H2O_TEMP","<0.01",-2019.64265901653,0.184397086778833,0.00261932312887716
"332",21.1049647722094,0.000316247798813075,0.000186902917170489,0.000535104918468903,"White Perch","Older.age","H2O_TEMP","<0.01",-2019.64265901653,0.184397086778833,0.00261932312887716
"333",21.4910768743358,0.000393842956467655,0.000234278639438228,0.000662084578991599,"White Perch","Older.age","H2O_TEMP","<0.01",-2019.64265901653,0.184397086778833,0.00261932312887716
"334",21.8771889764622,0.000489785452434067,0.000303303128497287,0.000790924216985745,"White Perch","Older.age","H2O_TEMP","<0.01",-2019.64265901653,0.184397086778833,0.00261932312887716
"335",22.2633010785886,0.000569341586872882,0.000366665263567126,0.000884048408047764,"White Perch","Older.age","H2O_TEMP","<0.01",-2019.64265901653,0.184397086778833,0.00261932312887716
"336",22.6494131807149,0.00058495322612012,0.000385107947422434,0.000888504844001576,"White Perch","Older.age","H2O_TEMP","<0.01",-2019.64265901653,0.184397086778833,0.00261932312887716
"337",23.0355252828413,0.000538158511335447,0.000359810128081972,0.000804909480638088,"White Perch","Older.age","H2O_TEMP","<0.01",-2019.64265901653,0.184397086778833,0.00261932312887716
"338",23.4216373849677,0.000484514317827013,0.000327861399578733,0.000716016354718823,"White Perch","Older.age","H2O_TEMP","<0.01",-2019.64265901653,0.184397086778833,0.00261932312887716
"339",23.8077494870941,0.000471742328357581,0.000321441414429816,0.0006923215689521,"White Perch","Older.age","H2O_TEMP","<0.01",-2019.64265901653,0.184397086778833,0.00261932312887716
"340",24.1938615892205,0.000534732429228252,0.000364657734301397,0.000784129181892008,"White Perch","Older.age","H2O_TEMP","<0.01",-2019.64265901653,0.184397086778833,0.00261932312887716
"341",24.5799736913469,0.000715085299321489,0.00048554903646498,0.00105313150043205,"White Perch","Older.age","H2O_TEMP","<0.01",-2019.64265901653,0.184397086778833,0.00261932312887716
"342",24.9660857934732,0.00105483551966418,0.000707440802815586,0.00157282131468355,"White Perch","Older.age","H2O_TEMP","<0.01",-2019.64265901653,0.184397086778833,0.00261932312887716
"343",25.3521978955996,0.00154238666396433,0.00101455812918681,0.00234482042254373,"White Perch","Older.age","H2O_TEMP","<0.01",-2019.64265901653,0.184397086778833,0.00261932312887716
"344",25.738309997726,0.00202661885301098,0.00131369628110819,0.00312643343400109,"White Perch","Older.age","H2O_TEMP","<0.01",-2019.64265901653,0.184397086778833,0.00261932312887716
"345",26.1244220998524,0.00223840291161338,0.00146030531408475,0.00343109591288422,"White Perch","Older.age","H2O_TEMP","<0.01",-2019.64265901653,0.184397086778833,0.00261932312887716
"346",26.5105342019788,0.00198092409389552,0.00134055668798255,0.00292718711633241,"White Perch","Older.age","H2O_TEMP","<0.01",-2019.64265901653,0.184397086778833,0.00261932312887716
"347",26.8966463041051,0.00136502041518564,0.000960618568657144,0.00193966762112278,"White Perch","Older.age","H2O_TEMP","<0.01",-2019.64265901653,0.184397086778833,0.00261932312887716
"348",27.2827584062315,0.000771301046346397,0.000512585502839716,0.00116059720924466,"White Perch","Older.age","H2O_TEMP","<0.01",-2019.64265901653,0.184397086778833,0.00261932312887716
"349",27.6688705083579,0.000404607233838323,0.000225804918267408,0.000724993126502365,"White Perch","Older.age","H2O_TEMP","<0.01",-2019.64265901653,0.184397086778833,0.00261932312887716
"350",28.0549826104843,0.000209155944088508,9.31356065308462e-05,0.000469704451144218,"White Perch","Older.age","H2O_TEMP","<0.01",-2019.64265901653,0.184397086778833,0.00261932312887716
"351",4.43950681689319,0.000153386366189325,5.92592027534324e-05,0.00039702487106786,"White Perch","Older.age","D_O","<0.01",-2019.64265901653,0.184397086778833,0.00261932312887716
"352",4.58155241517881,0.000171264297845033,7.24671828842449e-05,0.000404755070487624,"White Perch","Older.age","D_O","<0.01",-2019.64265901653,0.184397086778833,0.00261932312887716
"353",4.72359801346442,0.000191193207640717,8.7949591156625e-05,0.000415634025891577,"White Perch","Older.age","D_O","<0.01",-2019.64265901653,0.184397086778833,0.00261932312887716
"354",4.86564361175004,0.000213330271313267,0.000105720181362164,0.000430474144786884,"White Perch","Older.age","D_O","<0.01",-2019.64265901653,0.184397086778833,0.00261932312887716
"355",5.00768921003566,0.000237820227961555,0.000125790558927102,0.000449624052155317,"White Perch","Older.age","D_O","<0.01",-2019.64265901653,0.184397086778833,0.00261932312887716
"356",5.14973480832127,0.000264822817206135,0.000148294920513169,0.00047291656565382,"White Perch","Older.age","D_O","<0.01",-2019.64265901653,0.184397086778833,0.00261932312887716
"357",5.29178040660689,0.000294530051427765,0.000173465638339937,0.000500087233553679,"White Perch","Older.age","D_O","<0.01",-2019.64265901653,0.184397086778833,0.00261932312887716
"358",5.43382600489251,0.000327165071684847,0.000201270623446422,0.000531806292929002,"White Perch","Older.age","D_O","<0.01",-2019.64265901653,0.184397086778833,0.00261932312887716
"359",5.57587160317812,0.000362812919874345,0.000231160175180295,0.000569445903582137,"White Perch","Older.age","D_O","<0.01",-2019.64265901653,0.184397086778833,0.00261932312887716
"360",5.71791720146374,0.000400852526062593,0.00026207409486429,0.0006131195368011,"White Perch","Older.age","D_O","<0.01",-2019.64265901653,0.184397086778833,0.00261932312887716
"361",5.85996279974936,0.00043929090934756,0.000292248875512409,0.000660315639186135,"White Perch","Older.age","D_O","<0.01",-2019.64265901653,0.184397086778833,0.00261932312887716
"362",6.00200839803497,0.000474481485663379,0.000318713411503924,0.00070637968818126,"White Perch","Older.age","D_O","<0.01",-2019.64265901653,0.184397086778833,0.00261932312887716
"363",6.14405399632059,0.000501883018733329,0.000337936246777036,0.000745367112569814,"White Perch","Older.age","D_O","<0.01",-2019.64265901653,0.184397086778833,0.00261932312887716
"364",6.28609959460621,0.000518286437634943,0.000347728022116853,0.00077250268701684,"White Perch","Older.age","D_O","<0.01",-2019.64265901653,0.184397086778833,0.00261932312887716
"365",6.42814519289182,0.000523230649585318,0.000348086514186184,0.000786500773537697,"White Perch","Older.age","D_O","<0.01",-2019.64265901653,0.184397086778833,0.00261932312887716
"366",6.57019079117744,0.000518810743914917,0.000340846439734176,0.000789694585665819,"White Perch","Older.age","D_O","<0.01",-2019.64265901653,0.184397086778833,0.00261932312887716
"367",6.71223638946305,0.00050875132536912,0.00032907488533091,0.000786531949421071,"White Perch","Older.age","D_O","<0.01",-2019.64265901653,0.184397086778833,0.00261932312887716
"368",6.85428198774867,0.000496716290990917,0.000315794818438281,0.000781289176801342,"White Perch","Older.age","D_O","<0.01",-2019.64265901653,0.184397086778833,0.00261932312887716
"369",6.99632758603429,0.000485116547949656,0.000302749847411849,0.000777335041145195,"White Perch","Older.age","D_O","<0.01",-2019.64265901653,0.184397086778833,0.00261932312887716
"370",7.1383731843199,0.000474819181040893,0.000290377398770243,0.00077641460953623,"White Perch","Older.age","D_O","<0.01",-2019.64265901653,0.184397086778833,0.00261932312887716
"371",7.28041878260552,0.000465545892472938,0.000278517445682687,0.000778166615262394,"White Perch","Older.age","D_O","<0.01",-2019.64265901653,0.184397086778833,0.00261932312887716
"372",7.42246438089114,0.000456405186821132,0.000266778968915878,0.000780817526223053,"White Perch","Older.age","D_O","<0.01",-2019.64265901653,0.184397086778833,0.00261932312887716
"373",7.56450997917675,0.000446413063891701,0.00025466172446861,0.000782546431070525,"White Perch","Older.age","D_O","<0.01",-2019.64265901653,0.184397086778833,0.00261932312887716
"374",7.70655557746237,0.000434879887188589,0.000241732635900781,0.000782354089576818,"White Perch","Older.age","D_O","<0.01",-2019.64265901653,0.184397086778833,0.00261932312887716
"375",7.84860117574799,0.000421558435579345,0.000227817086779713,0.000780062273291826,"White Perch","Older.age","D_O","<0.01",-2019.64265901653,0.184397086778833,0.00261932312887716
"376",7.9906467740336,0.000406513552338141,0.000213096501694785,0.000775485598873248,"White Perch","Older.age","D_O","<0.01",-2019.64265901653,0.184397086778833,0.00261932312887716
"377",8.13269237231922,0.000390086971159291,0.000197988806293564,0.00076856792016113,"White Perch","Older.age","D_O","<0.01",-2019.64265901653,0.184397086778833,0.00261932312887716
"378",8.27473797060484,0.000372759175007372,0.000182914360956598,0.000759641844552306,"White Perch","Older.age","D_O","<0.01",-2019.64265901653,0.184397086778833,0.00261932312887716
"379",8.41678356889045,0.000355033016568828,0.000168093903447831,0.000749869211604584,"White Perch","Older.age","D_O","<0.01",-2019.64265901653,0.184397086778833,0.00261932312887716
"380",8.55882916717607,0.000337299162780772,0.000153560554879683,0.00074088508798207,"White Perch","Older.age","D_O","<0.01",-2019.64265901653,0.184397086778833,0.00261932312887716
"381",8.70087476546169,0.000319788661826382,0.00013939432919857,0.000733636646631655,"White Perch","Older.age","D_O","<0.01",-2019.64265901653,0.184397086778833,0.00261932312887716
"382",8.8429203637473,0.000302615248797494,0.000125770649336653,0.000728118915563885,"White Perch","Older.age","D_O","<0.01",-2019.64265901653,0.184397086778833,0.00261932312887716
"383",8.98496596203292,0.000285780034514089,0.000112806779905183,0.000723983329685679,"White Perch","Older.age","D_O","<0.01",-2019.64265901653,0.184397086778833,0.00261932312887716
"384",9.12701156031854,0.000269200140075225,0.00010049564496142,0.000721112993944574,"White Perch","Older.age","D_O","<0.01",-2019.64265901653,0.184397086778833,0.00261932312887716
"385",9.26905715860415,0.000252792634061729,8.88178919350154e-05,0.000719495975907909,"White Perch","Older.age","D_O","<0.01",-2019.64265901653,0.184397086778833,0.00261932312887716
"386",9.41110275688977,0.000236508533343966,7.78236913716857e-05,0.000718756529773976,"White Perch","Older.age","D_O","<0.01",-2019.64265901653,0.184397086778833,0.00261932312887716
"387",9.55314835517538,0.000220332988342186,6.76274898348915e-05,0.000717853433127883,"White Perch","Older.age","D_O","<0.01",-2019.64265901653,0.184397086778833,0.00261932312887716
"388",9.695193953461,0.000204294587220213,5.83529083330671e-05,0.0007152390439437,"White Perch","Older.age","D_O","<0.01",-2019.64265901653,0.184397086778833,0.00261932312887716
"389",9.83723955174662,0.000188474168425886,5.00787830286814e-05,0.000709332575903148,"White Perch","Older.age","D_O","<0.01",-2019.64265901653,0.184397086778833,0.00261932312887716
"390",9.97928515003223,0.000173005190116645,4.28114733421691e-05,0.000699130244083767,"White Perch","Older.age","D_O","<0.01",-2019.64265901653,0.184397086778833,0.00261932312887716
"391",10.1213307483179,0.000158044055530796,3.64952827036102e-05,0.000684415125414291,"White Perch","Older.age","D_O","<0.01",-2019.64265901653,0.184397086778833,0.00261932312887716
"392",10.2633763466035,0.000143730862080435,3.10431949393273e-05,0.00066547791729432,"White Perch","Older.age","D_O","<0.01",-2019.64265901653,0.184397086778833,0.00261932312887716
"393",10.4054219448891,0.00013018396613926,2.63534487535234e-05,0.00064309856361711,"White Perch","Older.age","D_O","<0.01",-2019.64265901653,0.184397086778833,0.00261932312887716
"394",10.5474675431747,0.000117500716699523,2.23210812275176e-05,0.000618537170496964,"White Perch","Older.age","D_O","<0.01",-2019.64265901653,0.184397086778833,0.00261932312887716
"395",10.6895131414603,0.000105751222977299,1.88497167476444e-05,0.000593288552338163,"White Perch","Older.age","D_O","<0.01",-2019.64265901653,0.184397086778833,0.00261932312887716
"396",10.8315587397459,9.49731839299971e-05,1.58596275189538e-05,0.000568733764713037,"White Perch","Older.age","D_O","<0.01",-2019.64265901653,0.184397086778833,0.00261932312887716
"397",10.9736043380315,8.51719107876002e-05,1.32883611781043e-05,0.000545910386539164,"White Perch","Older.age","D_O","<0.01",-2019.64265901653,0.184397086778833,0.00261932312887716
"398",11.1156499363172,7.63215196291448e-05,1.10857968011116e-05,0.000525444806810623,"White Perch","Older.age","D_O","<0.01",-2019.64265901653,0.184397086778833,0.00261932312887716
"399",11.2576955346028,6.83659670664571e-05,9.20920194181069e-06,0.000507525568715342,"White Perch","Older.age","D_O","<0.01",-2019.64265901653,0.184397086778833,0.00261932312887716
"400",11.3997411328884,6.12302354317409e-05,7.62016824099946e-06,0.000492002487668787,"White Perch","Older.age","D_O","<0.01",-2019.64265901653,0.184397086778833,0.00261932312887716
"401",0.001352078381949,0.000772670477815215,0.000512265133246109,0.0011654505226698,"White Perch","Older.age","SALINITY","<0.01",-2019.64265901653,0.184397086778833,0.00261932312887716
"402",0.502859399471299,0.000789243709124571,0.00054366291093869,0.00114575708561248,"White Perch","Older.age","SALINITY","<0.01",-2019.64265901653,0.184397086778833,0.00261932312887716
"403",1.00436672056065,0.000795114890824744,0.000549012001339204,0.00115153710314001,"White Perch","Older.age","SALINITY","<0.01",-2019.64265901653,0.184397086778833,0.00261932312887716
"404",1.50587404165,0.000779382995085622,0.000531726800865475,0.00114238712820179,"White Perch","Older.age","SALINITY","<0.01",-2019.64265901653,0.184397086778833,0.00261932312887716
"405",2.00738136273935,0.000738057170107166,0.000500166199952227,0.0010890947576998,"White Perch","Older.age","SALINITY","<0.01",-2019.64265901653,0.184397086778833,0.00261932312887716
"406",2.5088886838287,0.000674187318831582,0.000457600918339094,0.000993285901879463,"White Perch","Older.age","SALINITY","<0.01",-2019.64265901653,0.184397086778833,0.00261932312887716
"407",3.01039600491805,0.000597787330150743,0.000405783572310255,0.000880641101497156,"White Perch","Older.age","SALINITY","<0.01",-2019.64265901653,0.184397086778833,0.00261932312887716
"408",3.5119033260074,0.00052067480609399,0.000350520111008553,0.000773428528597034,"White Perch","Older.age","SALINITY","<0.01",-2019.64265901653,0.184397086778833,0.00261932312887716
"409",4.01341064709675,0.000451127571896788,0.000299850883562556,0.000678724316925459,"White Perch","Older.age","SALINITY","<0.01",-2019.64265901653,0.184397086778833,0.00261932312887716
"410",4.5149179681861,0.00039279324178511,0.000258331081079215,0.000597243390719777,"White Perch","Older.age","SALINITY","<0.01",-2019.64265901653,0.184397086778833,0.00261932312887716
"411",5.01642528927545,0.000346077989228516,0.000226099521790244,0.000529722370397428,"White Perch","Older.age","SALINITY","<0.01",-2019.64265901653,0.184397086778833,0.00261932312887716
"412",5.5179326103648,0.000309836024575353,0.000201326863722427,0.000476828379232159,"White Perch","Older.age","SALINITY","<0.01",-2019.64265901653,0.184397086778833,0.00261932312887716
"413",6.01943993145415,0.000282530849179368,0.000182400228696973,0.000437629279898703,"White Perch","Older.age","SALINITY","<0.01",-2019.64265901653,0.184397086778833,0.00261932312887716
"414",6.5209472525435,0.000263026907950344,0.000168986334402469,0.000409400881737261,"White Perch","Older.age","SALINITY","<0.01",-2019.64265901653,0.184397086778833,0.00261932312887716
"415",7.02245457363285,0.000250860841589571,0.000161205624760221,0.000390378201360111,"White Perch","Older.age","SALINITY","<0.01",-2019.64265901653,0.184397086778833,0.00261932312887716
"416",7.5239618947222,0.0002461463514616,0.000158938430344732,0.000381204383398302,"White Perch","Older.age","SALINITY","<0.01",-2019.64265901653,0.184397086778833,0.00261932312887716
"417",8.02546921581155,0.000249275514487753,0.000161855403419447,0.000383912311917711,"White Perch","Older.age","SALINITY","<0.01",-2019.64265901653,0.184397086778833,0.00261932312887716
"418",8.5269765369009,0.000260537774291773,0.000169807379455916,0.000399746654417535,"White Perch","Older.age","SALINITY","<0.01",-2019.64265901653,0.184397086778833,0.00261932312887716
"419",9.02848385799025,0.00027969075711666,0.000182674135992845,0.000428232049333761,"White Perch","Older.age","SALINITY","<0.01",-2019.64265901653,0.184397086778833,0.00261932312887716
"420",9.5299911790796,0.000305128892031419,0.000199252191770415,0.000467265328050185,"White Perch","Older.age","SALINITY","<0.01",-2019.64265901653,0.184397086778833,0.00261932312887716
"421",10.0314985001689,0.000333142083092891,0.000216476210054033,0.000512682883258946,"White Perch","Older.age","SALINITY","<0.01",-2019.64265901653,0.184397086778833,0.00261932312887716
"422",10.5330058212583,0.000357746713077924,0.000229640948205289,0.000557316592351149,"White Perch","Older.age","SALINITY","<0.01",-2019.64265901653,0.184397086778833,0.00261932312887716
"423",11.0345131423476,0.00037220649509623,0.000234258755565789,0.000591387394068662,"White Perch","Older.age","SALINITY","<0.01",-2019.64265901653,0.184397086778833,0.00261932312887716
"424",11.536020463437,0.000371305714064516,0.000228131630846332,0.000604335018276477,"White Perch","Older.age","SALINITY","<0.01",-2019.64265901653,0.184397086778833,0.00261932312887716
"425",12.0375277845264,0.000352924493341482,0.000211532242200598,0.000588826065967875,"White Perch","Older.age","SALINITY","<0.01",-2019.64265901653,0.184397086778833,0.00261932312887716
"426",12.5390351056157,0.000319817625864555,0.000186697164398855,0.000547856814767283,"White Perch","Older.age","SALINITY","<0.01",-2019.64265901653,0.184397086778833,0.00261932312887716
"427",13.0405424267051,0.000278093245598318,0.000157340566522386,0.000491518843212015,"White Perch","Older.age","SALINITY","<0.01",-2019.64265901653,0.184397086778833,0.00261932312887716
"428",13.5420497477944,0.00023412145048242,0.000127679280185906,0.000429301085471211,"White Perch","Older.age","SALINITY","<0.01",-2019.64265901653,0.184397086778833,0.00261932312887716
"429",14.0435570688838,0.000192631957412757,0.000100922114022143,0.000367680278759607,"White Perch","Older.age","SALINITY","<0.01",-2019.64265901653,0.184397086778833,0.00261932312887716
"430",14.5450643899731,0.00015608449381689,7.84183365565634e-05,0.000310671843855068,"White Perch","Older.age","SALINITY","<0.01",-2019.64265901653,0.184397086778833,0.00261932312887716
"431",15.0465717110624,0.000125079347109894,6.00537163217314e-05,0.000260514153522519,"White Perch","Older.age","SALINITY","<0.01",-2019.64265901653,0.184397086778833,0.00261932312887716
"432",15.5480790321518,9.9266518970439e-05,4.52427585348787e-05,0.000217799314356837,"White Perch","Older.age","SALINITY","<0.01",-2019.64265901653,0.184397086778833,0.00261932312887716
"433",16.0495863532411,7.79654425551316e-05,3.34369239037592e-05,0.000181793344696225,"White Perch","Older.age","SALINITY","<0.01",-2019.64265901653,0.184397086778833,0.00261932312887716
"434",16.5510936743305,6.04851424832592e-05,2.41949593750234e-05,0.000151207216532747,"White Perch","Older.age","SALINITY","<0.01",-2019.64265901653,0.184397086778833,0.00261932312887716
"435",17.0526009954199,4.62428657041393e-05,1.71076385558e-05,0.000124996949260778,"White Perch","Older.age","SALINITY","<0.01",-2019.64265901653,0.184397086778833,0.00261932312887716
"436",17.5541083165092,3.48010580395661e-05,1.17882649158805e-05,0.000102738922930184,"White Perch","Older.age","SALINITY","<0.01",-2019.64265901653,0.184397086778833,0.00261932312887716
"437",18.0556156375985,2.57951161646892e-05,7.89802246060966e-06,8.4247420321776e-05,"White Perch","Older.age","SALINITY","<0.01",-2019.64265901653,0.184397086778833,0.00261932312887716
"438",18.5571229586879,1.88780046431315e-05,5.14368326783938e-06,6.92847986061541e-05,"White Perch","Older.age","SALINITY","<0.01",-2019.64265901653,0.184397086778833,0.00261932312887716
"439",19.0586302797773,1.37013453668007e-05,3.26618713565109e-06,5.74758447889508e-05,"White Perch","Older.age","SALINITY","<0.01",-2019.64265901653,0.184397086778833,0.00261932312887716
"440",19.5601376008666,9.91759252811921e-06,2.03535938610915e-06,4.83249504854429e-05,"White Perch","Older.age","SALINITY","<0.01",-2019.64265901653,0.184397086778833,0.00261932312887716
"441",20.0616449219559,7.20387528024064e-06,1.25554384833739e-06,4.13333386340774e-05,"White Perch","Older.age","SALINITY","<0.01",-2019.64265901653,0.184397086778833,0.00261932312887716
"442",20.5631522430453,5.28168285789866e-06,7.73650446631987e-07,3.60578526553741e-05,"White Perch","Older.age","SALINITY","<0.01",-2019.64265901653,0.184397086778833,0.00261932312887716
"443",21.0646595641347,3.92631891364198e-06,4.79444705046083e-07,3.2153823056907e-05,"White Perch","Older.age","SALINITY","<0.01",-2019.64265901653,0.184397086778833,0.00261932312887716
"444",21.566166885224,2.96789510061845e-06,2.99801120958703e-07,2.93808151887742e-05,"White Perch","Older.age","SALINITY","<0.01",-2019.64265901653,0.184397086778833,0.00261932312887716
"445",22.0676742063133,2.28464624477436e-06,1.89230162609697e-07,2.75833851843559e-05,"White Perch","Older.age","SALINITY","<0.01",-2019.64265901653,0.184397086778833,0.00261932312887716
"446",22.5691815274027,1.79106142985318e-06,1.20291121127831e-07,2.66678123491654e-05,"White Perch","Older.age","SALINITY","<0.01",-2019.64265901653,0.184397086778833,0.00261932312887716
"447",23.0706888484921,1.42711807558911e-06,7.66374326872634e-08,2.65753422349655e-05,"White Perch","Older.age","SALINITY","<0.01",-2019.64265901653,0.184397086778833,0.00261932312887716
"448",23.5721961695814,1.15098549721617e-06,4.86104170828242e-08,2.72527514533515e-05,"White Perch","Older.age","SALINITY","<0.01",-2019.64265901653,0.184397086778833,0.00261932312887716
"449",24.0737034906708,9.35094997989525e-07,3.05335154681791e-08,2.86374707221742e-05,"White Perch","Older.age","SALINITY","<0.01",-2019.64265901653,0.184397086778833,0.00261932312887716
"450",24.5752108117601,7.61741597416464e-07,1.89368490280202e-08,3.06413311093103e-05,"White Perch","Older.age","SALINITY","<0.01",-2019.64265901653,0.184397086778833,0.00261932312887716
